<modification>
	<id><![CDATA[Soconfig theme]]></id>
	<version><![CDATA[1.0]]></version>
	<vqmver><![CDATA[2.X]]></vqmver>
	<author><![CDATA[Magentech - Magentech.com]]></author>
	<file name="catalog/controller/common/home.php">
		<operation>
			<search position="before"><![CDATA[
			$data['column_left'] = $this->load->controller('common/column_left');
			]]></search>
			<add><![CDATA[
			$data['content_block1'] = $this->load->controller('common/content_block1');
			$data['content_block2'] = $this->load->controller('common/content_block2');
			$data['content_block3'] = $this->load->controller('common/content_block3');
			$data['content_block4'] = $this->load->controller('common/content_block4');
			$data['content_block5'] = $this->load->controller('common/content_block5');
			$data['content_search'] = $this->load->controller('common/content_search');
			$data['content_menu'] = $this->load->controller('common/content_menu');
		]]></add>
		</operation>
	</file>
	<file name="catalog/controller/product/search.php">
		<operation>
			<search position="before"><![CDATA[$this->load->language('product/search');]]></search>
			<add><![CDATA[		// cosyone custom code start
			$this->load->language('common/soconfig');
			$data['button_continue'] = $this->language->get('button_continue');
			
		]]></add>
		</operation>		
	</file>
	
	<file name="catalog/controller/common/header.php">
		<operation>
			<search position="before"><![CDATA[$this->load->language('common/header');]]></search>
			<add><![CDATA[		// cosyone custom code start
			$this->load->language('common/soconfig');
			$data['text_contact'] = $this->language->get('text_contact');
			$data['text_more'] 	  = $this->language->get('text_more');
			$data['text_menu'] 	  = $this->language->get('text_menu');
			$data['hotline'] 	  = $this->language->get('hotline');
			
			$data['content_search'] = $this->load->controller('common/content_search');
			$data['content_menu'] = $this->load->controller('common/content_menu');
			$data['content_block1'] = $this->load->controller('common/content_block1');

			// Cosyone ends
		]]></add>
		</operation>
		<operation>
			<search position="after"><![CDATA[$data['title'] = $this->document->getTitle();]]></search>
			<add><![CDATA[
				$this->document->addStyle('catalog/view/javascript/so_searchpro/css/so_searchpro.css'); 
				$this->document->addStyle('catalog/view/javascript/so_megamenu/so_megamenu.css');
				$this->document->addStyle('catalog/view/javascript/so_megamenu/wide-grid.css');
				$this->document->addScript('catalog/view/javascript/so_megamenu/so_megamenu.js');
			]]></add>
		</operation>	
	</file>
	<file name="catalog/controller/common/footer.php">
		<operation>
			<search position="before"><![CDATA[$this->load->language('common/footer');]]></search>
			<add><![CDATA[
			$data['content_block4'] = $this->load->controller('common/content_block4');
		]]></add>
		</operation>
	</file>
	<file name="catalog/controller/common/cart.php">
		<operation>
			<search position="before"><![CDATA[$this->load->language('common/cart');]]></search>
			<add><![CDATA[		// cosyone custom code start
			$this->load->language('common/soconfig');
			
			$data['text_shop'] 	  = $this->language->get('text_shop');
			$data['text_shop_cart'] 	  = $this->language->get('text_shop_cart');
			
			$data['text_title'] 	  = $this->language->get('text_title');
			$data['text_thumb'] 	  = $this->language->get('text_thumb');
			$data['text_success'] 	  = $this->language->get('text_success');
			$data['text_items'] 	  = $this->language->get('text_items');
			// Cosyone ends
		]]></add>
		</operation>
	</file>
	<file name="catalog/controller/module/so_super_category.php">
		<operation>
			<search position="before"><![CDATA[$this->load->language('module/so_super_category');]]></search>
			<add><![CDATA[	
			$this->load->language('common/soconfig');
			$data['text_hot_cate'] = $this->language->get('text_hot_cate');
			
			
		]]></add>
		</operation>
	</file>
	<file name="catalog/controller/module/so_megamenu.php">
		<operation>
			<search position="before"><![CDATA[$this->load->model('module/so_megamenu');]]></search>
			<add><![CDATA[		
			$this->load->language('common/soconfig');
			$data['more_text'] = $this->language->get('more_text');
			$data['close_text'] = $this->language->get('close_text');
			
		]]></add>
		</operation>
		
	</file>
	<file name="catalog/controller/product/category.php" error="log">
		<operation error="log">
			<search position="before"><![CDATA[
			$data['breadcrumbs'] = array();
			]]></search>
			<add><![CDATA[
			$this->load->language('common/soconfig');
			
			]]></add>
		</operation>
		
		<file name="catalog/controller/module/manufacturers.php">
		<operation>
			<search position="before"><![CDATA[$this->load->language('product/manufacturer');]]></search>
			<add><![CDATA[		// cosyone custom code start
			$this->load->language('common/soconfig');
			$data['view_all'] = $this->language->get('view_all');
			
		]]></add>
		</operation>		
	</file>
		
		<operation>
			<search position="before"><![CDATA[$data['products'][] = array(]]></search>
			<add><![CDATA[
			// Cosyone custom code starts	
			 
				$images = $this->model_catalog_product->getProductImages($result['product_id']);
            	if(isset($images[0]['image']) && !empty($images[0]['image'])){
                 $images =$images[0]['image'];
               } else {
				$images = false;
				}
				// cosyone end
			   ]]></add>
		</operation>
		<operation>
			<search position="after"><![CDATA['special'     => $special,]]></search>
			<add><![CDATA[
			  // Cosyone custom code starts	
			  'thumb2'  => $this->model_tool_image->resize($images, $this->config->get('config_image_product_width'), $this->config->get('config_image_product_height')),
			  // Cosyone custom code ends
			   ]]></add>
		</operation>
		<operation error="log">
			<search position="before"><![CDATA[
			$data['categories'][] = array(
			]]></search>
			<add>
			$image = $this->model_tool_image->resize($result['image'], $this->config->get('config_image_product_width'), $this->config->get('config_image_product_width'));
			</add>
		</operation>
		<operation error="log">
			<search position="after"><![CDATA[
			$data['categories'][] = array(
			]]></search>
			<add>
			'thumb' => $image,
			</add>
		</operation>
	</file>
	
	<file name="admin/controller/design/layout.php">
		<operation error="log">
			<search position="replace"><![CDATA[layout_form.tpl]]></search>
			<add>layout_form_soconfig.tpl</add>
		</operation>
	</file>
	<file name="admin/view/template/setting/store_list.tpl">
        <operation>
            <search position="replace"  ><![CDATA[ $store['name']]]></search>
            <add><![CDATA[
             $store['name'].' <span class="label label-default" style="font-weight:normal"> Version v1.2.2</span> ';
            ]]></add>
	    </operation>
    </file>
</modification>